/*
 Navicat Premium Data Transfer

 Source Server         : localhost_3306
 Source Server Type    : MySQL
 Source Server Version : 50738
 Source Host           : localhost:3306
 Source Schema         : note

 Target Server Type    : MySQL
 Target Server Version : 50738
 File Encoding         : 65001

 Date: 03/12/2022 00:36:36
*/

SET NAMES utf8mb4;
SET FOREIGN_KEY_CHECKS = 0;

-- ----------------------------
-- Table structure for admin
-- ----------------------------
DROP TABLE IF EXISTS `admin`;
CREATE TABLE `admin`  (
  `admin_userName` varchar(255) CHARACTER SET utf8 COLLATE utf8_general_ci NOT NULL COMMENT '管理员用户名',
  `admin_pwd` varchar(255) CHARACTER SET utf8 COLLATE utf8_general_ci NOT NULL COMMENT '管理员密码',
  PRIMARY KEY (`admin_userName`) USING BTREE
) ENGINE = InnoDB CHARACTER SET = utf8 COLLATE = utf8_general_ci ROW_FORMAT = Dynamic;

-- ----------------------------
-- Records of admin
-- ----------------------------
INSERT INTO `admin` VALUES ('admin', 'admin');

-- ----------------------------
-- Table structure for class
-- ----------------------------
DROP TABLE IF EXISTS `class`;
CREATE TABLE `class`  (
  `class_id` int(11) NOT NULL AUTO_INCREMENT COMMENT '课程ID',
  `class_name` varchar(255) CHARACTER SET utf8 COLLATE utf8_general_ci NOT NULL COMMENT '课程名称',
  PRIMARY KEY (`class_id`) USING BTREE
) ENGINE = InnoDB AUTO_INCREMENT = 202207 CHARACTER SET = utf8 COLLATE = utf8_general_ci ROW_FORMAT = Dynamic;

-- ----------------------------
-- Records of class
-- ----------------------------
INSERT INTO `class` VALUES (202201, 'JSP程序设计');
INSERT INTO `class` VALUES (202202, '离散数学');
INSERT INTO `class` VALUES (202203, '数据库系统应用与管理');
INSERT INTO `class` VALUES (202204, '网页与网站开发基础');
INSERT INTO `class` VALUES (202205, 'JAVA程序设计基础');
INSERT INTO `class` VALUES (202206, 'C++高级程序设计');

-- ----------------------------
-- Table structure for note
-- ----------------------------
DROP TABLE IF EXISTS `note`;
CREATE TABLE `note`  (
  `note_id` int(11) NOT NULL AUTO_INCREMENT COMMENT '笔记ID',
  `student_id` int(11) NOT NULL COMMENT '学生ID',
  `note_content` varchar(255) CHARACTER SET utf8 COLLATE utf8_general_ci NOT NULL COMMENT '笔记内容',
  `note_time` datetime NOT NULL COMMENT '笔记修改时间',
  `isShared` varchar(255) CHARACTER SET utf8 COLLATE utf8_general_ci NOT NULL DEFAULT '0' COMMENT '是否公开',
  `class_id` int(11) NOT NULL COMMENT '班级ID',
  PRIMARY KEY (`note_id`) USING BTREE,
  INDEX `fk_note_student_1`(`student_id`) USING BTREE,
  INDEX `fk_note_class_1`(`class_id`) USING BTREE,
  CONSTRAINT `fk_note_class_1` FOREIGN KEY (`class_id`) REFERENCES `class` (`class_id`) ON DELETE RESTRICT ON UPDATE RESTRICT,
  CONSTRAINT `fk_note_student_1` FOREIGN KEY (`student_id`) REFERENCES `student` (`student_id`) ON DELETE CASCADE ON UPDATE CASCADE
) ENGINE = InnoDB AUTO_INCREMENT = 521 CHARACTER SET = utf8 COLLATE = utf8_general_ci ROW_FORMAT = Dynamic;

-- ----------------------------
-- Records of note
-- ----------------------------
INSERT INTO `note` VALUES (101, 229350743, '正在修改笔记', '2022-11-30 15:18:37', '1', 202206);
INSERT INTO `note` VALUES (102, 229350719, '7qn9710886Kg9eM45EMh', '2022-11-30 15:18:37', '1', 202204);
INSERT INTO `note` VALUES (103, 229350711, '5Jk0Xaqv4J8VicAh043H', '2022-11-30 15:18:37', '1', 202203);
INSERT INTO `note` VALUES (104, 229350715, '2CS31N8ktn99lw2x4TrH', '2022-11-30 15:18:37', '1', 202206);
INSERT INTO `note` VALUES (105, 229350713, 'yKa78x2wcJV6y03Ke2O6', '2022-11-30 15:18:37', '0', 202204);
INSERT INTO `note` VALUES (106, 229350711, '4kB0Hh2yH66T74S2L01A', '2022-11-30 15:18:37', '0', 202206);
INSERT INTO `note` VALUES (107, 229350717, '9r24rb2740JEhSpV2T77', '2022-11-30 15:18:37', '0', 202205);
INSERT INTO `note` VALUES (108, 229350729, 'hPCCy4i4BV42iM4UID36', '2022-11-30 15:18:37', '1', 202206);
INSERT INTO `note` VALUES (109, 229350742, 'RjjJK06M4gjEaN6B3T81', '2022-11-30 15:18:37', '1', 202205);
INSERT INTO `note` VALUES (110, 229350728, '5303jNbtm69f8EJ7VV31', '2022-11-30 15:18:37', '1', 202202);
INSERT INTO `note` VALUES (111, 229350718, 'o5e3LFNI2LAg81w6N4p6', '2022-11-30 15:18:37', '0', 202204);
INSERT INTO `note` VALUES (112, 229350748, '6k4O3akd2f8mo5r6q787', '2022-11-30 15:18:37', '0', 202205);
INSERT INTO `note` VALUES (113, 229350731, 'EHa7OLA5yVrpt3QH35a0', '2022-11-30 15:18:37', '1', 202206);
INSERT INTO `note` VALUES (114, 229350743, '13oQRTzdhEWhxSCNqaf7', '2022-11-30 15:18:37', '0', 202206);
INSERT INTO `note` VALUES (115, 229350715, '8D9B50b2i2CrJt043S7g', '2022-11-30 15:18:37', '0', 202202);
INSERT INTO `note` VALUES (116, 229350718, 'rffFUCC6s2qt9n0I8610', '2022-11-30 15:18:37', '1', 202202);
INSERT INTO `note` VALUES (117, 229350744, '492AUJ9438CU5yIjGOxE', '2022-11-30 15:18:37', '0', 202203);
INSERT INTO `note` VALUES (118, 229350720, 'W5NPr4e263kwMtANdAU1', '2022-11-30 15:18:37', '0', 202203);
INSERT INTO `note` VALUES (119, 229350708, 'MWl8ob578n45e3R8u8GJ', '2022-11-30 15:18:37', '0', 202205);
INSERT INTO `note` VALUES (120, 229350725, '43J9EaHJ4pU5rj1o68u2', '2022-11-30 15:18:37', '0', 202201);
INSERT INTO `note` VALUES (121, 229350737, 'a95o20kM85Alw82Ejo2g', '2022-11-30 15:18:37', '0', 202202);
INSERT INTO `note` VALUES (122, 229350742, 'owT06A827zg3XqyA4gk4', '2022-11-30 15:18:37', '0', 202201);
INSERT INTO `note` VALUES (123, 229350728, 'TJfmTI85l1LyDNC018mA', '2022-11-30 15:18:37', '0', 202203);
INSERT INTO `note` VALUES (124, 229350737, 'M7qvcJ26e3KLC66wCn58', '2022-11-30 15:18:37', '1', 202201);
INSERT INTO `note` VALUES (125, 229350723, 'M75oEojmlTPL6vn0U84L', '2022-11-30 15:18:37', '1', 202202);
INSERT INTO `note` VALUES (126, 229350708, 'hloWau3xx4vzCbfK4u19', '2022-11-30 15:18:37', '0', 202202);
INSERT INTO `note` VALUES (127, 229350738, 'vrBE1L0aGm0o71FEfb62', '2022-11-30 15:18:37', '0', 202201);
INSERT INTO `note` VALUES (128, 229350736, '2xJQRp67G547o39xW73K', '2022-11-30 15:18:37', '0', 202204);
INSERT INTO `note` VALUES (129, 229350738, '1PD16M98wWflPjP2D69q', '2022-11-30 15:18:37', '1', 202201);
INSERT INTO `note` VALUES (130, 229350707, '1qjx48L79eQnpcS2CJ0p', '2022-11-30 15:18:37', '1', 202201);
INSERT INTO `note` VALUES (131, 229350724, 'kxK1uPky4Vi1dym6wAzp', '2022-11-30 15:18:37', '1', 202203);
INSERT INTO `note` VALUES (132, 229350747, 'ztWUAx7JuOBJ1nSQLuJe', '2022-11-30 15:18:37', '1', 202204);
INSERT INTO `note` VALUES (133, 229350710, '7q0r9k3sFuE358Ow8Ohy', '2022-11-30 15:18:37', '1', 202206);
INSERT INTO `note` VALUES (134, 229350750, 'vipK49P174OQwPBe4AI8', '2022-11-30 15:18:37', '1', 202201);
INSERT INTO `note` VALUES (135, 229350732, 'Vs28CWP1Ik4BP5e5U93L', '2022-11-30 15:18:37', '1', 202206);
INSERT INTO `note` VALUES (136, 229350740, 'hGhjqI1BnC336uiX4XXc', '2022-11-30 15:18:37', '1', 202204);
INSERT INTO `note` VALUES (137, 229350749, '6ej8U8sU1vuh5V720I5H', '2022-11-30 15:18:37', '1', 202202);
INSERT INTO `note` VALUES (138, 229350702, 't9C0oOvl2K33qeINEy8C', '2022-11-30 15:18:37', '1', 202203);
INSERT INTO `note` VALUES (139, 229350746, 'H74ys1ioKTf5tuMo89K9', '2022-11-30 15:18:37', '1', 202203);
INSERT INTO `note` VALUES (140, 229350710, '4LwsU25ftrNq7KW9N4B1', '2022-11-30 15:18:37', '0', 202201);
INSERT INTO `note` VALUES (141, 229350733, 'pB3K42q7rS9M0x1p5Xhz', '2022-11-30 15:18:37', '0', 202203);
INSERT INTO `note` VALUES (142, 229350731, '8tAp93AzweRS543wJyzJ', '2022-11-30 15:18:37', '1', 202206);
INSERT INTO `note` VALUES (143, 229350729, '1eU8qHjc5y6eMS57qI93', '2022-11-30 15:18:37', '1', 202204);
INSERT INTO `note` VALUES (144, 229350741, 'Lnmb6G9g8F5vulyGeEAv', '2022-11-30 15:18:37', '1', 202203);
INSERT INTO `note` VALUES (145, 229350716, '1KPbEodi8MCKdu8Kt0tL', '2022-11-30 15:18:37', '1', 202204);
INSERT INTO `note` VALUES (146, 229350730, 'wXduF5GR4rB2bh502J5n', '2022-11-30 15:18:37', '0', 202205);
INSERT INTO `note` VALUES (147, 229350712, '8576pCywG2V8S2803wvS', '2022-11-30 15:18:37', '0', 202204);
INSERT INTO `note` VALUES (148, 229350707, 'CR5tscbLwjOQc3nfRhaX', '2022-11-30 15:18:37', '0', 202206);
INSERT INTO `note` VALUES (149, 229350717, 'cAV17E47oBn75nUQkrhC', '2022-11-30 15:18:37', '0', 202206);
INSERT INTO `note` VALUES (150, 229350706, '9yDDeU6pEBppgT5pMNFc', '2022-11-30 15:18:37', '0', 202203);
INSERT INTO `note` VALUES (151, 229350704, '4n66kUM0T1Iavm80622f', '2022-11-30 15:18:37', '0', 202205);
INSERT INTO `note` VALUES (152, 229350749, '05CBy4D149uHGn6HK7py', '2022-11-30 15:18:37', '0', 202206);
INSERT INTO `note` VALUES (153, 229350744, '0aSz7ev6hG757TTNpBX2', '2022-11-30 15:18:37', '0', 202202);
INSERT INTO `note` VALUES (154, 229350723, '2WbWrq1A9VfT72yz4rxl', '2022-11-30 15:18:37', '0', 202204);
INSERT INTO `note` VALUES (155, 229350722, 'rq2qnqa9401G4IT0AnX1', '2022-11-30 15:18:37', '1', 202206);
INSERT INTO `note` VALUES (156, 229350747, 'uSXDPAz7PKBCJ4PI5ONC', '2022-11-30 15:18:37', '0', 202206);
INSERT INTO `note` VALUES (157, 229350749, 'E34yOo7mK8osf54rMea0', '2022-11-30 15:18:37', '0', 202204);
INSERT INTO `note` VALUES (158, 229350738, '4m3un9Jv1V05S5pAd1lo', '2022-11-30 15:18:37', '0', 202205);
INSERT INTO `note` VALUES (159, 229350701, '别乱输入东西', '2022-11-30 15:18:37', '1', 202206);
INSERT INTO `note` VALUES (160, 229350741, '50S44z4ayUD8e5RDz6WS', '2022-11-30 15:18:37', '0', 202201);
INSERT INTO `note` VALUES (161, 229350742, 'zW9R1KDeyPA8936S5Cl8', '2022-11-30 15:18:37', '1', 202205);
INSERT INTO `note` VALUES (162, 229350729, 'EtV1d15pxaEOcuu96wuw', '2022-11-30 15:18:37', '0', 202202);
INSERT INTO `note` VALUES (163, 229350704, '2kr25GOLV8vSFJA4Eakv', '2022-11-30 15:18:37', '0', 202202);
INSERT INTO `note` VALUES (164, 229350727, 't4252n1874mK6k3aWMQM', '2022-11-30 15:18:37', '1', 202204);
INSERT INTO `note` VALUES (165, 229350746, '5EM1UU6PPeCQFcF1UMmC', '2022-11-30 15:18:37', '1', 202204);
INSERT INTO `note` VALUES (166, 229350734, '8Jvoupy46Xc23pjOnFoT', '2022-11-30 15:18:37', '1', 202201);
INSERT INTO `note` VALUES (167, 229350742, 'pFyxQzC71F6cOk4D6XvI', '2022-11-30 15:18:37', '1', 202206);
INSERT INTO `note` VALUES (168, 229350716, 'n2LK690NgQ4q3OVE8cn6', '2022-11-30 15:18:37', '0', 202206);
INSERT INTO `note` VALUES (170, 229350735, 'a4O9n58jCNQwv64rF0FB', '2022-11-30 15:18:37', '0', 202201);
INSERT INTO `note` VALUES (171, 229350703, '0EfDNTRP151rg9MNTQtc', '2022-11-30 15:18:37', '1', 202206);
INSERT INTO `note` VALUES (172, 229350707, 'kdz9SyoGjbbG93ss5Ckc', '2022-11-30 15:18:37', '1', 202203);
INSERT INTO `note` VALUES (173, 229350732, '6dTUB5iiEOMnle9LsylT', '2022-11-30 15:18:37', '1', 202203);
INSERT INTO `note` VALUES (174, 229350738, 'Q1iH6PEbmhHwLuO57355', '2022-11-30 15:18:37', '0', 202201);
INSERT INTO `note` VALUES (175, 229350739, 'mrhAisGO7h7FqnB8Qev5', '2022-11-30 15:18:37', '1', 202203);
INSERT INTO `note` VALUES (176, 229350750, 'MiTq142J9vGfQysBTr2x', '2022-11-30 15:18:37', '0', 202204);
INSERT INTO `note` VALUES (177, 229350724, '03S0IM3Ab9hv06nUTt99', '2022-11-30 15:18:37', '0', 202201);
INSERT INTO `note` VALUES (178, 229350744, 'pAEzdd3V78Gb6a8ff806', '2022-11-30 15:18:37', '1', 202202);
INSERT INTO `note` VALUES (179, 229350734, 'FIKGc5bfc103tUuwPsUj', '2022-11-30 15:18:37', '0', 202202);
INSERT INTO `note` VALUES (180, 229350732, 'H9a9ev91J3C2O9N3gTs0', '2022-11-30 15:18:37', '0', 202201);
INSERT INTO `note` VALUES (181, 229350747, 'QdN2j251dspOBLD2C88N', '2022-11-30 15:18:37', '0', 202202);
INSERT INTO `note` VALUES (182, 229350706, 'Egg08MIC5vSjGNpE11J5', '2022-11-30 15:18:37', '0', 202202);
INSERT INTO `note` VALUES (183, 229350714, 'Ml0324TWQd2p9zaDp8Ez', '2022-11-30 15:18:37', '1', 202202);
INSERT INTO `note` VALUES (184, 229350714, 'XtG6FLVvn8h7Fh8250iw', '2022-11-30 15:18:37', '1', 202203);
INSERT INTO `note` VALUES (185, 229350729, 'KatzXA4V1D6v64WSp9f9', '2022-11-30 15:18:37', '1', 202202);
INSERT INTO `note` VALUES (186, 229350717, 'chXFoS3OXzXI1bv0x3L5', '2022-11-30 15:18:37', '1', 202202);
INSERT INTO `note` VALUES (187, 229350740, 'qIlBE67ht6bdLkPw844H', '2022-11-30 15:18:37', '0', 202203);
INSERT INTO `note` VALUES (188, 229350736, 'NK642A02eb5yXxQA6731', '2022-11-30 15:18:37', '0', 202203);
INSERT INTO `note` VALUES (189, 229350726, 'r8xnu1HUCb0mIG9Qp2EQ', '2022-11-30 15:18:37', '1', 202206);
INSERT INTO `note` VALUES (190, 229350709, 'F27k8jCpQ5e5Jxy3P0wH', '2022-11-30 15:18:37', '0', 202206);
INSERT INTO `note` VALUES (191, 229350709, 'G9da8038yuCqhy57etSv', '2022-11-30 15:18:37', '0', 202204);
INSERT INTO `note` VALUES (192, 229350713, 'n6WV9RNsC0qoFGW00A99', '2022-11-30 15:18:37', '1', 202203);
INSERT INTO `note` VALUES (193, 229350726, 'Fx9PBncgF9AdyIl8k5L9', '2022-11-30 15:18:37', '1', 202201);
INSERT INTO `note` VALUES (194, 229350721, 'BT8zkb120diJzj45ec3H', '2022-11-30 15:18:37', '0', 202206);
INSERT INTO `note` VALUES (195, 229350703, '352eviDP3WmJbSoINqOz', '2022-11-30 15:18:37', '0', 202205);
INSERT INTO `note` VALUES (196, 229350713, 'sd5f5EpH61A9u8cnM8C4', '2022-11-30 15:18:37', '1', 202204);
INSERT INTO `note` VALUES (197, 229350718, 'wok6EOhVkj2vhz2CK297', '2022-11-30 15:18:37', '0', 202206);
INSERT INTO `note` VALUES (198, 229350705, 'uLP2vT4H7fVxb0oi46Hl', '2022-11-30 15:18:37', '0', 202205);
INSERT INTO `note` VALUES (199, 229350732, '2K3GBsu47p5Bb7UmBydM', '2022-11-30 15:18:37', '1', 202205);
INSERT INTO `note` VALUES (200, 229350707, 'I9e8AyI030HJB1h0REA7', '2022-11-30 15:18:37', '1', 202203);
INSERT INTO `note` VALUES (201, 229350731, 'Vr2h18x60hPz9pFSO9bl', '2022-11-30 15:18:37', '0', 202203);
INSERT INTO `note` VALUES (202, 229350713, 'Lz06pm2BxAA0ek4r1KQI', '2022-11-30 15:18:37', '0', 202203);
INSERT INTO `note` VALUES (203, 229350741, '26D5Nt28kRrJscv83QLm', '2022-11-30 15:18:37', '0', 202201);
INSERT INTO `note` VALUES (204, 229350749, '0IAi2diIiGs6ILLMdbwA', '2022-11-30 15:18:37', '0', 202201);
INSERT INTO `note` VALUES (205, 229350747, 'k75AMf75R1G0DH6h54Q3', '2022-11-30 15:18:37', '1', 202201);
INSERT INTO `note` VALUES (206, 229350710, 'CS7Pvd8W2p8MU99zOgwI', '2022-11-30 15:18:37', '1', 202201);
INSERT INTO `note` VALUES (207, 229350744, '8XQadA8iA3hPDWQf58w3', '2022-11-30 15:18:37', '1', 202206);
INSERT INTO `note` VALUES (208, 229350715, 'u7z8n5k91TJu39MhdF3z', '2022-11-30 15:18:37', '1', 202203);
INSERT INTO `note` VALUES (209, 229350707, '6bRF3s01446c4K66670X', '2022-11-30 15:18:37', '0', 202202);
INSERT INTO `note` VALUES (210, 229350716, 'NVWnKkgc0LGX3JK4Mm0p', '2022-11-30 15:18:37', '1', 202202);
INSERT INTO `note` VALUES (211, 229350707, '07gLHBmNE30X14VHLR30', '2022-11-30 15:18:37', '1', 202201);
INSERT INTO `note` VALUES (212, 229350743, 'uqsGX481Pb5a1lu2iz28', '2022-11-30 15:18:37', '1', 202206);
INSERT INTO `note` VALUES (213, 229350723, '85n73jdBpRi2BpNuK098', '2022-11-30 15:18:37', '0', 202201);
INSERT INTO `note` VALUES (214, 229350701, 'dXRwj5799q270W7100UK', '2022-11-30 15:18:37', '1', 202203);
INSERT INTO `note` VALUES (215, 229350710, 'xnPIvXn51L4Mep2Uw2us', '2022-11-30 15:18:37', '1', 202202);
INSERT INTO `note` VALUES (216, 229350701, 'ypccvL67t0tapICfeJlX', '2022-11-30 15:18:37', '1', 202206);
INSERT INTO `note` VALUES (217, 229350708, 'MWwh34XbtisvHS9q60b3', '2022-11-30 15:18:37', '0', 202203);
INSERT INTO `note` VALUES (218, 229350730, '2r6b9nzAeD7F8dxcJf9U', '2022-11-30 15:18:37', '1', 202206);
INSERT INTO `note` VALUES (219, 229350709, '99IG32C17EoRInPG445I', '2022-11-30 15:18:37', '1', 202203);
INSERT INTO `note` VALUES (220, 229350707, 'UG7aAJfnN6pxOWzAsnkb', '2022-11-30 15:18:37', '1', 202206);
INSERT INTO `note` VALUES (221, 229350706, 'a6A3472335ie4VV9KM06', '2022-11-30 15:18:37', '1', 202203);
INSERT INTO `note` VALUES (222, 229350701, 'e3UBTB24m5chA5SsBXc4', '2022-11-30 15:18:37', '1', 202203);
INSERT INTO `note` VALUES (223, 229350730, '01615d3TSSuOFwy6QgOa', '2022-11-30 15:18:37', '1', 202203);
INSERT INTO `note` VALUES (224, 229350728, '7Kc10hn65bSs17pFl6o1', '2022-11-30 15:18:37', '0', 202201);
INSERT INTO `note` VALUES (225, 229350706, 'O75RmHJ422jiGG0k1Kaq', '2022-11-30 15:18:37', '0', 202204);
INSERT INTO `note` VALUES (226, 229350720, 'x3t7Rr93kj2Oppp60aNS', '2022-11-30 15:18:37', '1', 202201);
INSERT INTO `note` VALUES (227, 229350702, '3IKQ0CLw6vFw1ia8pdE2', '2022-11-30 15:18:37', '0', 202201);
INSERT INTO `note` VALUES (228, 229350708, 'qHgkze05D2Lb2K0kl2x0', '2022-11-30 15:18:37', '0', 202206);
INSERT INTO `note` VALUES (229, 229350720, 'R7b2f6MoG058loj8lVM3', '2022-11-30 15:18:37', '1', 202201);
INSERT INTO `note` VALUES (230, 229350747, '7AgrCc9HnK7jc7Xa3L2F', '2022-11-30 15:18:37', '1', 202206);
INSERT INTO `note` VALUES (231, 229350736, 'NVuM27b252qt45p03eju', '2022-11-30 15:18:37', '1', 202205);
INSERT INTO `note` VALUES (232, 229350718, 'K3LkFHJS7EAPRJb47cfp', '2022-11-30 15:18:37', '1', 202203);
INSERT INTO `note` VALUES (233, 229350736, 'pip70mP146k3bP77O3GQ', '2022-11-30 15:18:37', '0', 202204);
INSERT INTO `note` VALUES (234, 229350701, 'XKseSDo0K9b72k0B8qO3', '2022-11-30 15:18:37', '0', 202206);
INSERT INTO `note` VALUES (235, 229350732, 'sp4tWRT05m4hK7MhyVcU', '2022-11-30 15:18:37', '1', 202201);
INSERT INTO `note` VALUES (236, 229350748, 'Xz66J6kq8O91L5M1ASIB', '2022-11-30 15:18:37', '0', 202205);
INSERT INTO `note` VALUES (237, 229350737, '7dbbd3q2hNf6q22LVR9i', '2022-11-30 15:18:37', '1', 202201);
INSERT INTO `note` VALUES (238, 229350743, 'LTe7b8PA5A33vU7P938k', '2022-11-30 15:18:37', '0', 202202);
INSERT INTO `note` VALUES (239, 229350709, '9t9MH5J34l2cqKhW2qdf', '2022-11-30 15:18:37', '0', 202206);
INSERT INTO `note` VALUES (240, 229350731, 'v1bCJ8ua1ksv3u20463G', '2022-11-30 15:18:37', '1', 202205);
INSERT INTO `note` VALUES (241, 229350741, 'JSak1n4o1x2EB7EyAovL', '2022-11-30 15:18:37', '0', 202205);
INSERT INTO `note` VALUES (242, 229350705, 'Of5QAjLELCKbUn8cu1L3', '2022-11-30 15:18:37', '1', 202205);
INSERT INTO `note` VALUES (243, 229350721, 'Kwk7AX6Wm2VV8o1ISL6k', '2022-11-30 15:18:37', '0', 202201);
INSERT INTO `note` VALUES (244, 229350711, 'x91XP9xdQTDMc7N9MBdQ', '2022-11-30 15:18:37', '0', 202202);
INSERT INTO `note` VALUES (245, 229350746, '905F32F6D0156373np86', '2022-11-30 15:18:37', '1', 202204);
INSERT INTO `note` VALUES (246, 229350739, 'lOnycO12W1Db3KEzh47T', '2022-11-30 15:18:37', '0', 202205);
INSERT INTO `note` VALUES (247, 229350714, 'fnlJMMGGvmkV05Ga7RQO', '2022-11-30 15:18:37', '0', 202205);
INSERT INTO `note` VALUES (248, 229350716, '4AvCUC8Az9BA91Jyk9H2', '2022-11-30 15:18:37', '1', 202206);
INSERT INTO `note` VALUES (249, 229350718, '131DapWIxqw4eFN7BX4x', '2022-11-30 15:18:37', '1', 202201);
INSERT INTO `note` VALUES (250, 229350703, 'P2Om3d6UFAI793SnPevT', '2022-11-30 15:18:37', '1', 202201);
INSERT INTO `note` VALUES (251, 229350732, 'x1CDg0bP33EknTTC7F8P', '2022-11-30 15:18:37', '1', 202205);
INSERT INTO `note` VALUES (252, 229350724, 'O9xPSI4qNJET69o9HLz6', '2022-11-30 15:18:37', '0', 202203);
INSERT INTO `note` VALUES (253, 229350701, 'muid5d3ISO0kSKEscs18', '2022-11-30 15:18:37', '0', 202201);
INSERT INTO `note` VALUES (254, 229350712, 'E23twDoD4rpdU7DxV2I0', '2022-11-30 15:18:37', '1', 202203);
INSERT INTO `note` VALUES (255, 229350727, 'C6Gw4IaD475KRdW4v5gu', '2022-11-30 15:18:37', '0', 202202);
INSERT INTO `note` VALUES (256, 229350738, 'pQ9JRK41c3Pcw2V8pn23', '2022-11-30 15:18:37', '0', 202202);
INSERT INTO `note` VALUES (257, 229350738, '0jT0z30dIPWc7d5r56GN', '2022-11-30 15:18:37', '1', 202202);
INSERT INTO `note` VALUES (258, 229350731, '7ClDwv8hos1oE0SWtRBM', '2022-11-30 15:18:37', '1', 202204);
INSERT INTO `note` VALUES (259, 229350732, 'J0gNl1ihAl9Beor7Mys6', '2022-11-30 15:18:37', '0', 202205);
INSERT INTO `note` VALUES (260, 229350716, '0AxAM45vWF0LxDMOUXz5', '2022-11-30 15:18:37', '1', 202203);
INSERT INTO `note` VALUES (261, 229350735, 'PHItFT4NSwjPyEBG1E5m', '2022-11-30 15:18:37', '0', 202204);
INSERT INTO `note` VALUES (262, 229350738, 'IwU94lzz42wz2iwjV9xV', '2022-11-30 15:18:37', '0', 202205);
INSERT INTO `note` VALUES (263, 229350738, 'R00x3j4Hcf9Vuf9j4vuJ', '2022-11-30 15:18:37', '0', 202203);
INSERT INTO `note` VALUES (264, 229350736, '4T69XnD8CcKb4hHJ2077', '2022-11-30 15:18:37', '0', 202206);
INSERT INTO `note` VALUES (265, 229350708, '1koKtOHKBzJJe5hmwsTF', '2022-11-30 15:18:37', '1', 202204);
INSERT INTO `note` VALUES (266, 229350750, '6K19n7oA8yLxj6N3Oyrr', '2022-11-30 15:18:37', '0', 202202);
INSERT INTO `note` VALUES (267, 229350712, 'yQ4vq04d7r442Fn8i22x', '2022-11-30 15:18:37', '1', 202201);
INSERT INTO `note` VALUES (268, 229350707, 'MB88by26HNpHxP529085', '2022-11-30 15:18:37', '1', 202205);
INSERT INTO `note` VALUES (269, 229350727, '92NeQgr9vjX0f2vxLEOL', '2022-11-30 15:18:37', '0', 202203);
INSERT INTO `note` VALUES (270, 229350727, 'RN6d0a4C94X3k1M8F100', '2022-11-30 15:18:37', '0', 202202);
INSERT INTO `note` VALUES (271, 229350747, 'vS2l7fo265oA9R8K7pIr', '2022-11-30 15:18:37', '1', 202204);
INSERT INTO `note` VALUES (272, 229350734, '1r6vgs4OQMu3W13FqFR5', '2022-11-30 15:18:37', '0', 202201);
INSERT INTO `note` VALUES (273, 229350711, '1l38P2y1bzkBWBxtbs5f', '2022-11-30 15:18:37', '1', 202205);
INSERT INTO `note` VALUES (274, 229350732, '1J6Pu4Cp6112Dc100FE6', '2022-11-30 15:18:37', '0', 202206);
INSERT INTO `note` VALUES (275, 229350736, '4i69Ok6txEX2U45x34c2', '2022-11-30 15:18:37', '1', 202205);
INSERT INTO `note` VALUES (276, 229350712, 'X64d75Po4Hi266ousKqd', '2022-11-30 15:18:37', '1', 202201);
INSERT INTO `note` VALUES (277, 229350736, 'BA20rG0EQ55n7HeDMRVn', '2022-11-30 15:18:37', '1', 202201);
INSERT INTO `note` VALUES (278, 229350708, 'vgw13y8Mb71GN653LO2L', '2022-11-30 15:18:37', '1', 202205);
INSERT INTO `note` VALUES (279, 229350743, 'TNidoy0WFsC9MAmTX254', '2022-11-30 15:18:37', '0', 202205);
INSERT INTO `note` VALUES (280, 229350742, 'Bg8cJ4k2AICSJGwDRpb0', '2022-11-30 15:18:37', '0', 202202);
INSERT INTO `note` VALUES (281, 229350732, '9CCczvOI0hIJ21hFO966', '2022-11-30 15:18:37', '0', 202206);
INSERT INTO `note` VALUES (282, 229350719, '9ty2CVi8gi2XH9phDCRF', '2022-11-30 15:18:37', '1', 202206);
INSERT INTO `note` VALUES (283, 229350713, 'o37Rs1681nSW0Caa98xN', '2022-11-30 15:18:37', '1', 202205);
INSERT INTO `note` VALUES (284, 229350721, '5vc9jr912gFHF5h5HE32', '2022-11-30 15:18:37', '1', 202205);
INSERT INTO `note` VALUES (285, 229350719, '5oD5N78G28JtHOCka8V3', '2022-11-30 15:18:37', '0', 202206);
INSERT INTO `note` VALUES (286, 229350743, 'raS7Hl8GBAdI8QO2Mx6y', '2022-11-30 15:18:37', '1', 202201);
INSERT INTO `note` VALUES (287, 229350720, 'H5jzh0n4u6XqfliPf52r', '2022-11-30 15:18:37', '1', 202203);
INSERT INTO `note` VALUES (288, 229350735, '5B5565w8XU9862RbWgsa', '2022-11-30 15:18:37', '0', 202204);
INSERT INTO `note` VALUES (289, 229350750, '2b5E0201BXj8R8jJ4pS1', '2022-11-30 15:18:37', '0', 202206);
INSERT INTO `note` VALUES (290, 229350743, 'lPT55wkgB0za1G85DA3F', '2022-11-30 15:18:37', '0', 202202);
INSERT INTO `note` VALUES (291, 229350702, 'v6x6Qb9u50NRjj3i3kuz', '2022-11-30 15:18:37', '0', 202203);
INSERT INTO `note` VALUES (292, 229350702, 'D7xrMkphKS4OrcfVetvD', '2022-11-30 15:18:37', '0', 202202);
INSERT INTO `note` VALUES (293, 229350702, '8aDPQdEh6Vg1CsW020HX', '2022-11-30 15:18:37', '0', 202206);
INSERT INTO `note` VALUES (294, 229350702, 'g05ck49C5N9SIO0qh5dR', '2022-11-30 15:18:37', '1', 202206);
INSERT INTO `note` VALUES (295, 229350734, '5F8yE23Pko3fXgcF3y9A', '2022-11-30 15:18:37', '0', 202205);
INSERT INTO `note` VALUES (296, 229350705, 'W0vGx9PQN2qpEXcxLX8j', '2022-11-30 15:18:37', '1', 202201);
INSERT INTO `note` VALUES (297, 229350712, 'z87907b2FPi2hpPlhpzH', '2022-11-30 15:18:37', '1', 202205);
INSERT INTO `note` VALUES (298, 229350744, 'wD5yKSD37yc3k6Ex626D', '2022-11-30 15:18:37', '1', 202206);
INSERT INTO `note` VALUES (299, 229350737, 'xn6u67yJsiiT5bna7T8o', '2022-11-30 15:18:37', '1', 202204);
INSERT INTO `note` VALUES (300, 229350734, 'UoMyJUkFIv8004R21wOB', '2022-11-30 15:18:37', '0', 202205);
INSERT INTO `note` VALUES (301, 229350717, 'HO1Aczba5E0uW354bW14', '2022-11-30 15:18:37', '0', 202201);
INSERT INTO `note` VALUES (302, 229350720, 'wIb1Dq113zlwy1rs3N0u', '2022-11-30 15:18:37', '0', 202202);
INSERT INTO `note` VALUES (303, 229350703, '2S3lwqyBAXM39DsN4lmJ', '2022-11-30 15:18:37', '0', 202202);
INSERT INTO `note` VALUES (304, 229350731, '6pOVUH0qbFvOBIGC6KmA', '2022-11-30 15:18:37', '0', 202204);
INSERT INTO `note` VALUES (305, 229350747, 'xCgyhe9l05D3ySlB96zX', '2022-11-30 15:18:37', '0', 202205);
INSERT INTO `note` VALUES (306, 229350713, 'dwdOpEdN7AIb5rl2TnMj', '2022-11-30 15:18:37', '0', 202205);
INSERT INTO `note` VALUES (307, 229350713, '2exWFfB7PJE6pyOhIJMi', '2022-11-30 15:18:37', '1', 202206);
INSERT INTO `note` VALUES (308, 229350713, 'iJ0763R15JdPFWJuweuy', '2022-11-30 15:18:37', '0', 202204);
INSERT INTO `note` VALUES (309, 229350738, 'w7aRzT7uUtQgvBlC5eV8', '2022-11-30 15:18:37', '1', 202206);
INSERT INTO `note` VALUES (310, 229350713, '58Iu7Shu2311IEz0kN35', '2022-11-30 15:18:37', '0', 202206);
INSERT INTO `note` VALUES (311, 229350742, '9XT4w98e50EE5y96gLFD', '2022-11-30 15:18:37', '0', 202202);
INSERT INTO `note` VALUES (312, 229350749, 'G0l7cs4nH7miu398h7oi', '2022-11-30 15:18:37', '0', 202205);
INSERT INTO `note` VALUES (313, 229350712, '9I6OUkN1tw4c400Rg65u', '2022-11-30 15:18:37', '0', 202206);
INSERT INTO `note` VALUES (314, 229350727, 'gtGo53B7iCjN52Tqnhrl', '2022-11-30 15:18:37', '1', 202205);
INSERT INTO `note` VALUES (315, 229350716, 'ohBMyzhThcse2uDqat1i', '2022-11-30 15:18:37', '0', 202201);
INSERT INTO `note` VALUES (316, 229350706, 'QzBIg9Ci91i6nrNNh160', '2022-11-30 15:18:37', '1', 202203);
INSERT INTO `note` VALUES (317, 229350709, 'S7qX60607IDDVjDM153y', '2022-11-30 15:18:37', '0', 202204);
INSERT INTO `note` VALUES (318, 229350729, 'HN4K3oB8ylC24PKACkI2', '2022-11-30 15:18:37', '0', 202201);
INSERT INTO `note` VALUES (319, 229350721, '37QcjWFl9l2d9lVCzir6', '2022-11-30 15:18:37', '1', 202205);
INSERT INTO `note` VALUES (320, 229350748, '0D5Kq316Svr3iRgM0FNr', '2022-11-30 15:18:37', '0', 202202);
INSERT INTO `note` VALUES (321, 229350703, 'Isipf1NJc58GAO28vjA7', '2022-11-30 15:18:37', '0', 202202);
INSERT INTO `note` VALUES (322, 229350717, 'myL674UnF6X2CQG67NC8', '2022-11-30 15:18:37', '1', 202204);
INSERT INTO `note` VALUES (323, 229350741, 'kTEXzkX0B4jnCnBXfv1R', '2022-11-30 15:18:37', '1', 202203);
INSERT INTO `note` VALUES (324, 229350710, 'yJTNh6eJI9eX20l6IJaS', '2022-11-30 15:18:37', '0', 202201);
INSERT INTO `note` VALUES (325, 229350745, 'Wl3C38xn01im23myLVXq', '2022-11-30 15:18:37', '1', 202204);
INSERT INTO `note` VALUES (326, 229350750, '5PjI1xqhrw6mfk9oTEn8', '2022-11-30 15:18:37', '1', 202201);
INSERT INTO `note` VALUES (327, 229350741, 'x02qt78Mpzh9KWV8j27v', '2022-11-30 15:18:37', '1', 202206);
INSERT INTO `note` VALUES (328, 229350739, 'R45BWEGS7Ev654nFVLCU', '2022-11-30 15:18:37', '0', 202201);
INSERT INTO `note` VALUES (329, 229350711, '01gGTCsyP6N089ypPPsT', '2022-11-30 15:18:37', '1', 202206);
INSERT INTO `note` VALUES (330, 229350709, 'eA188o26zHD5bJOIevn7', '2022-11-30 15:18:37', '0', 202202);
INSERT INTO `note` VALUES (331, 229350725, '5w14eHz8uMP9qDhlwf0i', '2022-11-30 15:18:37', '1', 202205);
INSERT INTO `note` VALUES (332, 229350736, '5da672my8w6T3rCpXaST', '2022-11-30 15:18:37', '0', 202206);
INSERT INTO `note` VALUES (333, 229350733, 'Xd0mt323Fw2lDM97DM78', '2022-11-30 15:18:37', '0', 202204);
INSERT INTO `note` VALUES (334, 229350738, 'zRB2vkoWw3sH5nK1N189', '2022-11-30 15:18:37', '0', 202205);
INSERT INTO `note` VALUES (335, 229350735, '3E0093DNzjEV85mFAKn0', '2022-11-30 15:18:37', '0', 202203);
INSERT INTO `note` VALUES (336, 229350733, '0mmm2BAySdgI53mPOWs9', '2022-11-30 15:18:37', '0', 202206);
INSERT INTO `note` VALUES (337, 229350725, 'Slf9oUz2aJfrt34E713h', '2022-11-30 15:18:37', '0', 202206);
INSERT INTO `note` VALUES (338, 229350724, 'yS9eWt3U6BJ5t71S2lp5', '2022-11-30 15:18:37', '0', 202202);
INSERT INTO `note` VALUES (339, 229350731, 'XhAeoR1P65sC0zRs4b74', '2022-11-30 15:18:37', '0', 202202);
INSERT INTO `note` VALUES (340, 229350711, '199a1aSq868IK11slvvV', '2022-11-30 15:18:37', '0', 202205);
INSERT INTO `note` VALUES (341, 229350725, '8305V98n5f7R3LF5e9Io', '2022-11-30 15:18:37', '0', 202205);
INSERT INTO `note` VALUES (342, 229350711, '0VzeCMCtQxyO5j0v1e29', '2022-11-30 15:18:37', '0', 202201);
INSERT INTO `note` VALUES (343, 229350736, 'Vh3FHS0G29LSWuHUAhAu', '2022-11-30 15:18:37', '1', 202205);
INSERT INTO `note` VALUES (344, 229350705, 'RNm0hu2KGl3TVEBRtVl7', '2022-11-30 15:18:37', '0', 202201);
INSERT INTO `note` VALUES (345, 229350739, '90Xk5bVf26H2iKop40tX', '2022-11-30 15:18:37', '0', 202204);
INSERT INTO `note` VALUES (346, 229350730, '7kce8Olx0229ye765Dks', '2022-11-30 15:18:37', '1', 202205);
INSERT INTO `note` VALUES (347, 229350735, 'udBh7p7cO6x2J5zOeutD', '2022-11-30 15:18:37', '1', 202206);
INSERT INTO `note` VALUES (348, 229350742, '88612W1VvMji1z2RuCe0', '2022-11-30 15:18:37', '0', 202201);
INSERT INTO `note` VALUES (349, 229350705, 'J0y6Xf5Pj29U90RKC6oO', '2022-11-30 15:18:37', '0', 202203);
INSERT INTO `note` VALUES (350, 229350702, '3Al3m50Gi344vyeq5t3d', '2022-11-30 15:18:37', '0', 202204);
INSERT INTO `note` VALUES (351, 229350708, 'yHnx4XfMhoJ82X4mS757', '2022-11-30 15:18:37', '0', 202206);
INSERT INTO `note` VALUES (352, 229350719, '1Fy5u1XhSf05sy5E6E8z', '2022-11-30 15:18:37', '0', 202201);
INSERT INTO `note` VALUES (353, 229350727, 'P6724hLoaEX0Xn5ghQSu', '2022-11-30 15:18:37', '1', 202201);
INSERT INTO `note` VALUES (354, 229350702, '8xGF4NH7FL36sw7u1wAP', '2022-11-30 15:18:37', '1', 202201);
INSERT INTO `note` VALUES (355, 229350733, 'he0G5dwIOQT2yB25UiSu', '2022-11-30 15:18:37', '0', 202201);
INSERT INTO `note` VALUES (356, 229350738, 'uH8hzcNmI8Tz26742j12', '2022-11-30 15:18:37', '0', 202203);
INSERT INTO `note` VALUES (357, 229350721, 'TcCMbtgok4QgPe3S3nLK', '2022-11-30 15:18:37', '1', 202202);
INSERT INTO `note` VALUES (358, 229350720, 'C7qVURH1N82r3GMQ1081', '2022-11-30 15:18:37', '0', 202204);
INSERT INTO `note` VALUES (359, 229350738, 'qs63APUwiO0sNo1oi1p9', '2022-11-30 15:18:37', '1', 202204);
INSERT INTO `note` VALUES (360, 229350720, 'uMV3o4h4cjvIIOX905f6', '2022-11-30 15:18:37', '0', 202206);
INSERT INTO `note` VALUES (361, 229350740, 'cXi98NO5jCS8aH9V2SfK', '2022-11-30 15:18:37', '1', 202204);
INSERT INTO `note` VALUES (362, 229350727, 'a1sr7SE53c816nj7H8p7', '2022-11-30 15:18:37', '0', 202204);
INSERT INTO `note` VALUES (363, 229350723, 'p2SOP48Tb0638N1v86i2', '2022-11-30 15:18:37', '1', 202201);
INSERT INTO `note` VALUES (364, 229350703, 'FaFiqq2T2zvwBMBt2796', '2022-11-30 15:18:37', '1', 202203);
INSERT INTO `note` VALUES (365, 229350721, '7bnirp1q7v91T671HVW9', '2022-11-30 15:18:37', '0', 202204);
INSERT INTO `note` VALUES (366, 229350735, 'Fyzv933e8eSzQ02XhiUJ', '2022-11-30 15:18:37', '0', 202203);
INSERT INTO `note` VALUES (367, 229350716, 'DsBLlJhMdbTk7rM28B3T', '2022-11-30 15:18:37', '1', 202201);
INSERT INTO `note` VALUES (368, 229350708, '0832FJtH98Q1hLlog2G6', '2022-11-30 15:18:37', '0', 202203);
INSERT INTO `note` VALUES (369, 229350724, '9kIO3m3a0B29G8qr9m1a', '2022-11-30 15:18:37', '0', 202202);
INSERT INTO `note` VALUES (370, 229350708, 'lk7tp8XE5pvhRI6yr0tD', '2022-11-30 15:18:37', '1', 202201);
INSERT INTO `note` VALUES (371, 229350728, 'ji67hnt6Wt24T1m2r44G', '2022-11-30 15:18:37', '1', 202202);
INSERT INTO `note` VALUES (372, 229350732, 'Xbb0r3oq8c3tDkm23Usk', '2022-11-30 15:18:37', '0', 202206);
INSERT INTO `note` VALUES (373, 229350720, 'crLeprjr4jEX7y0akO01', '2022-11-30 15:18:37', '1', 202204);
INSERT INTO `note` VALUES (374, 229350728, 'Kw3za4J2GGGKS4hE1aU6', '2022-11-30 15:18:37', '1', 202202);
INSERT INTO `note` VALUES (375, 229350732, 'q9oFaAD10BKhMv3SU2G0', '2022-11-30 15:18:37', '0', 202202);
INSERT INTO `note` VALUES (376, 229350730, 'BH4vJpkB5V66pvO0FvD2', '2022-11-30 15:18:37', '1', 202206);
INSERT INTO `note` VALUES (377, 229350721, '62G72mWX7r3DfSA0UtW2', '2022-11-30 15:18:37', '0', 202206);
INSERT INTO `note` VALUES (378, 229350750, 'CP9f5r4wy7GPz71T29ts', '2022-11-30 15:18:37', '1', 202201);
INSERT INTO `note` VALUES (379, 229350738, 'INtaLmw7l8qJpI7EbP0c', '2022-11-30 15:18:37', '1', 202204);
INSERT INTO `note` VALUES (380, 229350742, '8IGpsOgkGF7J97mT029O', '2022-11-30 15:18:37', '0', 202201);
INSERT INTO `note` VALUES (381, 229350741, 'gVqjAosV4U4ISC67Xe96', '2022-11-30 15:18:37', '1', 202204);
INSERT INTO `note` VALUES (382, 229350704, '382EJ4346oihF7RsNu0J', '2022-11-30 15:18:37', '1', 202204);
INSERT INTO `note` VALUES (383, 229350711, 'stXVGxN95fX6E1KHuybC', '2022-11-30 15:18:37', '1', 202201);
INSERT INTO `note` VALUES (384, 229350742, 'DJoq1DE70Es78D0421Gj', '2022-11-30 15:18:37', '1', 202204);
INSERT INTO `note` VALUES (385, 229350713, 'DS9JM39xn8p8sM4b109n', '2022-11-30 15:18:37', '1', 202204);
INSERT INTO `note` VALUES (386, 229350710, 'PJ5qRDNcARz2H22iDE23', '2022-11-30 15:18:37', '1', 202206);
INSERT INTO `note` VALUES (387, 229350703, 'er9y73Rbk3a0tg3cHGfP', '2022-11-30 15:18:37', '1', 202205);
INSERT INTO `note` VALUES (388, 229350733, 'SXxu2u50Dhs21vt3tXM9', '2022-11-30 15:18:37', '0', 202205);
INSERT INTO `note` VALUES (389, 229350739, '5efWFR0BK3Qdl7oa3Vwn', '2022-11-30 15:18:37', '1', 202201);
INSERT INTO `note` VALUES (390, 229350705, '34uNo2TGand3wTD4hCcv', '2022-11-30 15:18:37', '0', 202206);
INSERT INTO `note` VALUES (391, 229350739, 'augWGXkSKb95LQik0G9C', '2022-11-30 15:18:37', '0', 202203);
INSERT INTO `note` VALUES (392, 229350720, 'pq97BN0336v9MUsWV0CF', '2022-11-30 15:18:37', '0', 202202);
INSERT INTO `note` VALUES (393, 229350723, 'uIL1whdh0W0V7yR68X5p', '2022-11-30 15:18:37', '0', 202204);
INSERT INTO `note` VALUES (394, 229350740, 'm4394541FKs9xQ1D1m98', '2022-11-30 15:18:37', '1', 202202);
INSERT INTO `note` VALUES (395, 229350720, 'E0iXHmEUUoXOmeCnInm4', '2022-11-30 15:18:37', '0', 202201);
INSERT INTO `note` VALUES (396, 229350743, 'h96yp692SjOz7OMHWC84', '2022-11-30 15:18:37', '0', 202203);
INSERT INTO `note` VALUES (397, 229350748, 'ABu4KXi5wD30f4Ve257s', '2022-11-30 15:18:37', '0', 202201);
INSERT INTO `note` VALUES (398, 229350713, 'pmqsFQ0RX74Lp5Bjo2VJ', '2022-11-30 15:18:37', '1', 202203);
INSERT INTO `note` VALUES (399, 229350703, 'T8CS7Q25Pqay43mxo9OK', '2022-11-30 15:18:37', '0', 202204);
INSERT INTO `note` VALUES (400, 229350707, 'r50425OR7UKMTqGbT824', '2022-11-30 15:18:37', '0', 202203);
INSERT INTO `note` VALUES (401, 229350724, 'OE1BEx903h6lTFRq83Rg', '2022-11-30 15:18:37', '1', 202202);
INSERT INTO `note` VALUES (402, 229350723, 'clgR29udzM0ux5rlD7sa', '2022-11-30 15:18:37', '0', 202203);
INSERT INTO `note` VALUES (403, 229350704, 'itwuejF589XQ0WeQ9G75', '2022-11-30 15:18:37', '0', 202204);
INSERT INTO `note` VALUES (404, 229350705, '24ELm9vX2Muhk6hkhrjS', '2022-11-30 15:18:37', '0', 202202);
INSERT INTO `note` VALUES (405, 229350739, 'Af90U15OJAJ2Gjc9uK1X', '2022-11-30 15:18:37', '0', 202205);
INSERT INTO `note` VALUES (406, 229350742, '8Wm1Xnq24v7H46185y26', '2022-11-30 15:18:37', '1', 202203);
INSERT INTO `note` VALUES (407, 229350706, '90o48lvctF0Sfy06qcdo', '2022-11-30 15:18:37', '1', 202204);
INSERT INTO `note` VALUES (408, 229350732, 'h15QI668XN0uRrMeTS6s', '2022-11-30 15:18:37', '0', 202205);
INSERT INTO `note` VALUES (409, 229350727, 'PJ8Ikg25j3hTQK4To82x', '2022-11-30 15:18:37', '0', 202204);
INSERT INTO `note` VALUES (410, 229350726, 'o58dXrQ5cfTpo2KF843o', '2022-11-30 15:18:37', '1', 202206);
INSERT INTO `note` VALUES (411, 229350726, '824LI9SMw65grmp82753', '2022-11-30 15:18:37', '1', 202203);
INSERT INTO `note` VALUES (412, 229350729, '8P8rWNm7q9V654PXAi8v', '2022-11-30 15:18:37', '0', 202204);
INSERT INTO `note` VALUES (413, 229350708, '1IU6BdtWb5R2yRjlllBh', '2022-11-30 15:18:37', '0', 202206);
INSERT INTO `note` VALUES (414, 229350736, '0uuhcfmT1lFeMSHRl890', '2022-11-30 15:18:37', '1', 202203);
INSERT INTO `note` VALUES (415, 229350717, 'A0WBb81CbBxf6dLHxaGD', '2022-11-30 15:18:37', '0', 202205);
INSERT INTO `note` VALUES (416, 229350715, 'x58Q89KVMoi4K0Q5JyFl', '2022-11-30 15:18:37', '1', 202203);
INSERT INTO `note` VALUES (417, 229350716, '360OntBL0zDy86UG240E', '2022-11-30 15:18:37', '0', 202203);
INSERT INTO `note` VALUES (418, 229350722, 'R07pm60jkL9ulEa44554', '2022-11-30 15:18:37', '1', 202206);
INSERT INTO `note` VALUES (419, 229350718, '6lb79a6pU663RP533210', '2022-11-30 15:18:37', '0', 202205);
INSERT INTO `note` VALUES (420, 229350723, '7I5bX466z4fr9mp58hIe', '2022-11-30 15:18:37', '1', 202202);
INSERT INTO `note` VALUES (421, 229350722, '4XnKEqhmb6WepnpAH8mQ', '2022-11-30 15:18:37', '1', 202202);
INSERT INTO `note` VALUES (422, 229350703, '399pVr6t7IOr29lPKK49', '2022-11-30 15:18:37', '1', 202203);
INSERT INTO `note` VALUES (423, 229350736, 'R8k0Ql3WBKxb9RehdpX1', '2022-11-30 15:18:37', '1', 202202);
INSERT INTO `note` VALUES (424, 229350711, '10wvSqT43fXh71w9OiO0', '2022-11-30 15:18:37', '1', 202201);
INSERT INTO `note` VALUES (425, 229350724, '3KQdLRm4Qv7EseGhl588', '2022-11-30 15:18:37', '0', 202206);
INSERT INTO `note` VALUES (426, 229350707, '6jR596LW2gwq9AP1yLr2', '2022-11-30 15:18:37', '1', 202206);
INSERT INTO `note` VALUES (427, 229350727, 'WuA32g4yMHA6Fiq8B077', '2022-11-30 15:18:37', '1', 202202);
INSERT INTO `note` VALUES (428, 229350730, 'x4MEP4OfpB88ISI7c58C', '2022-11-30 15:18:37', '0', 202201);
INSERT INTO `note` VALUES (429, 229350720, 'MshlIPETzSya8CIC8dI3', '2022-11-30 15:18:37', '0', 202201);
INSERT INTO `note` VALUES (430, 229350716, 'J1iEH0l880G0178MJdqd', '2022-11-30 15:18:37', '0', 202205);
INSERT INTO `note` VALUES (431, 229350740, 'GIlli6tB38xFl5Qr3vd2', '2022-11-30 15:18:37', '1', 202205);
INSERT INTO `note` VALUES (432, 229350735, 'kmAcO7bKM8oyMx3bJJmr', '2022-11-30 15:18:37', '0', 202201);
INSERT INTO `note` VALUES (433, 229350749, 'sge2k4n4d6FhU8N5y0c2', '2022-11-30 15:18:37', '1', 202203);
INSERT INTO `note` VALUES (434, 229350702, 'lmn7hSXhdbxDFb2Bz5C2', '2022-11-30 15:18:37', '0', 202201);
INSERT INTO `note` VALUES (435, 229350724, 'ypVym29NC0CH5Dy9FA1z', '2022-11-30 15:18:37', '1', 202203);
INSERT INTO `note` VALUES (436, 229350711, 'nCgbi6gmeFfNklS70qv4', '2022-11-30 15:18:37', '1', 202201);
INSERT INTO `note` VALUES (437, 229350731, 'FmrmTkO7mRkfxORPL36f', '2022-11-30 15:18:37', '1', 202201);
INSERT INTO `note` VALUES (438, 229350741, 'Oe5s2DU6mpz7n61Hm9nc', '2022-11-30 15:18:37', '0', 202206);
INSERT INTO `note` VALUES (439, 229350720, 'l7m2ne3XC6ySzPiI1m9A', '2022-11-30 15:18:37', '0', 202203);
INSERT INTO `note` VALUES (440, 229350722, 'LyB7XQq9u6a5Gc3h7Jy9', '2022-11-30 15:18:37', '0', 202203);
INSERT INTO `note` VALUES (441, 229350725, 'UJF1ax96QqE2952NQ2eW', '2022-11-30 15:18:37', '0', 202201);
INSERT INTO `note` VALUES (442, 229350738, 'KMuKV72qUL8R7Op15PtF', '2022-11-30 15:18:37', '0', 202202);
INSERT INTO `note` VALUES (443, 229350701, '0bE7yMDIy30XGy4dzVa8', '2022-11-30 15:18:37', '1', 202205);
INSERT INTO `note` VALUES (444, 229350742, 'DX4ORBKzS0xN03jF3A8X', '2022-11-30 15:18:37', '1', 202203);
INSERT INTO `note` VALUES (445, 229350737, 'O24cO525P2zayUF2P3NO', '2022-11-30 15:18:37', '1', 202202);
INSERT INTO `note` VALUES (446, 229350715, 'T54Wl9MChU2R0O3BzLa3', '2022-11-30 15:18:37', '0', 202205);
INSERT INTO `note` VALUES (447, 229350704, 'PA0xx5i6biEJoeTX8q57', '2022-11-30 15:18:37', '0', 202205);
INSERT INTO `note` VALUES (448, 229350704, 'PehV490h4D31rl9903cr', '2022-11-30 15:18:37', '0', 202202);
INSERT INTO `note` VALUES (449, 229350725, 'G3lCaTQ8IHsc752JRIk5', '2022-11-30 15:18:37', '0', 202203);
INSERT INTO `note` VALUES (450, 229350724, 'm2NhEJc2uzKvRGh8TCCs', '2022-11-30 15:18:37', '0', 202203);
INSERT INTO `note` VALUES (451, 229350718, 'k6cr93I0Bm51jyl15F1I', '2022-11-30 15:18:37', '0', 202205);
INSERT INTO `note` VALUES (452, 229350724, 'uSu6IuMfSp99CT3rVu6z', '2022-11-30 15:18:37', '0', 202201);
INSERT INTO `note` VALUES (453, 229350708, '4Nx7cU8EimD2Hr4l8Juz', '2022-11-30 15:18:37', '0', 202201);
INSERT INTO `note` VALUES (454, 229350708, 'A5234yK4sQ0af03wh0Uz', '2022-11-30 15:18:37', '0', 202203);
INSERT INTO `note` VALUES (455, 229350727, 'DOL4m37p830zcI4ulx40', '2022-11-30 15:18:37', '0', 202202);
INSERT INTO `note` VALUES (456, 229350702, 'nLHF0vHE0zh096sdsg93', '2022-11-30 15:18:37', '1', 202202);
INSERT INTO `note` VALUES (457, 229350709, 'gf73Ow4TCrr1HrpfFVKt', '2022-11-30 15:18:37', '1', 202205);
INSERT INTO `note` VALUES (458, 229350730, 'zuj7zXQ2cVNdFoyM0oP7', '2022-11-30 15:18:37', '1', 202204);
INSERT INTO `note` VALUES (459, 229350744, 'GV4fAnnSHsQqRjKV9CM6', '2022-11-30 15:18:37', '1', 202204);
INSERT INTO `note` VALUES (460, 229350736, 'gcq5lSz97MVhD48i3Xt6', '2022-11-30 15:18:37', '1', 202201);
INSERT INTO `note` VALUES (461, 229350739, '4d9u400j9x6i3ju7xEj7', '2022-11-30 15:18:37', '0', 202206);
INSERT INTO `note` VALUES (462, 229350720, '4y7MyG5nOj0oW8bv390O', '2022-11-30 15:18:37', '0', 202204);
INSERT INTO `note` VALUES (463, 229350701, '496cua36Jha675D50K7n', '2022-11-30 15:18:37', '1', 202202);
INSERT INTO `note` VALUES (464, 229350704, '8EnfbdTSqAcEO77jbQEs', '2022-11-30 15:18:37', '1', 202206);
INSERT INTO `note` VALUES (465, 229350725, 'I9J0G9Oc98SoAw1z9Li7', '2022-11-30 15:18:37', '0', 202206);
INSERT INTO `note` VALUES (466, 229350726, '4bBCCRfxRfad673hh4dq', '2022-11-30 15:18:37', '0', 202203);
INSERT INTO `note` VALUES (467, 229350730, 'lMvxJP3Q6z7jP0Q91WN9', '2022-11-30 15:18:37', '1', 202205);
INSERT INTO `note` VALUES (468, 229350722, 'mTmDRJ5C5X943Vvo27kg', '2022-11-30 15:18:37', '1', 202206);
INSERT INTO `note` VALUES (469, 229350731, 'QCe8eg54C4wFpEGuxm13', '2022-11-30 15:18:37', '0', 202204);
INSERT INTO `note` VALUES (470, 229350703, 'v0IFRvKFta4on4EklNyg', '2022-11-30 15:18:37', '0', 202202);
INSERT INTO `note` VALUES (471, 229350717, 'w43DhEsoB360F3V3N5ns', '2022-11-30 15:18:37', '1', 202202);
INSERT INTO `note` VALUES (472, 229350741, '0Nbl805021zmi464UCDd', '2022-11-30 15:18:37', '0', 202202);
INSERT INTO `note` VALUES (473, 229350723, 'P5H4rgb4F9GGG74G0XC0', '2022-11-30 15:18:37', '1', 202206);
INSERT INTO `note` VALUES (474, 229350719, 'jcq1y5ddv6pcLO9L49aS', '2022-11-30 15:18:37', '1', 202202);
INSERT INTO `note` VALUES (475, 229350719, '6MFa6eu16l766lpL3047', '2022-11-30 15:18:37', '1', 202203);
INSERT INTO `note` VALUES (476, 229350705, 'WFzyN7FE495zbs25HudN', '2022-11-30 15:18:37', '0', 202202);
INSERT INTO `note` VALUES (477, 229350706, 'y5J1H6D27R05KaUPE7K9', '2022-11-30 15:18:37', '1', 202203);
INSERT INTO `note` VALUES (478, 229350715, '0b1ADHh89FVzTH0zyMBG', '2022-11-30 15:18:37', '1', 202204);
INSERT INTO `note` VALUES (479, 229350711, 'mwN8az9Pt060cze8R6b3', '2022-11-30 15:18:37', '0', 202202);
INSERT INTO `note` VALUES (480, 229350718, '855zgIKI16k2Fnak8m43', '2022-11-30 15:18:37', '0', 202206);
INSERT INTO `note` VALUES (481, 229350731, 'OSH7bTR69844IuAHO0r4', '2022-11-30 15:18:37', '1', 202201);
INSERT INTO `note` VALUES (482, 229350709, '1I26Wf17fhp51SX2100A', '2022-11-30 15:18:37', '1', 202204);
INSERT INTO `note` VALUES (483, 229350717, 'IWAUUy686cD6NaVpx9eQ', '2022-11-30 15:18:37', '1', 202206);
INSERT INTO `note` VALUES (484, 229350730, '6ynlb7OSy6ORhK8sIyIH', '2022-11-30 15:18:37', '0', 202202);
INSERT INTO `note` VALUES (485, 229350725, 'fv61gAnFN005j9me3SkR', '2022-11-30 15:18:37', '0', 202201);
INSERT INTO `note` VALUES (486, 229350728, 'pXNz9bD94BVmQ24taME2', '2022-11-30 15:18:37', '1', 202206);
INSERT INTO `note` VALUES (487, 229350737, '98Fk1p0iaCMT3H7aFj7X', '2022-11-30 15:18:37', '1', 202202);
INSERT INTO `note` VALUES (488, 229350709, '2u8ILT7rsh665OkWF3AU', '2022-11-30 15:18:37', '1', 202201);
INSERT INTO `note` VALUES (489, 229350726, 'D9o9mGqh0sPMX1g3c8eH', '2022-11-30 15:18:37', '0', 202204);
INSERT INTO `note` VALUES (490, 229350706, '5z8JG31x5Xq9GUR2CW02', '2022-11-30 15:18:37', '1', 202204);
INSERT INTO `note` VALUES (491, 229350720, 'fs7XpCI3VBHrFy0iGHee', '2022-11-30 15:18:37', '0', 202206);
INSERT INTO `note` VALUES (492, 229350716, '93LM87upBcJDTRCP3ri8', '2022-11-30 15:18:37', '0', 202201);
INSERT INTO `note` VALUES (493, 229350721, 'L1IN7I80CrnGT730tXQe', '2022-11-30 15:18:37', '1', 202201);
INSERT INTO `note` VALUES (494, 229350749, 'n270UknA94439yNsS107', '2022-11-30 15:18:37', '0', 202204);
INSERT INTO `note` VALUES (495, 229350723, '4UCV44oHnMdeDOE7bXQP', '2022-11-30 15:18:37', '1', 202205);
INSERT INTO `note` VALUES (496, 229350706, 'U6dRC7M3O3LXWo36Rz1n', '2022-11-30 15:18:37', '1', 202203);
INSERT INTO `note` VALUES (497, 229350750, '2Bqz084A8ddJh3q8PuNh', '2022-11-30 15:18:37', '0', 202203);
INSERT INTO `note` VALUES (498, 229350728, 'XG07fxR25Wnq49Uog3m8', '2022-11-30 15:18:37', '1', 202205);
INSERT INTO `note` VALUES (499, 229350712, '5vLvk9Hb5M02aBgNIk19', '2022-11-30 15:18:37', '1', 202205);
INSERT INTO `note` VALUES (500, 229350722, '5wA5KLqlghl07IaJ0zyv', '2022-11-30 15:18:37', '0', 202205);
INSERT INTO `note` VALUES (503, 229350701, '测试', '2022-11-30 17:39:45', '0', 202201);
INSERT INTO `note` VALUES (504, 229350701, '测试啊啊啊啊啊', '2022-11-30 17:41:00', '0', 202201);
INSERT INTO `note` VALUES (505, 229350701, '测试', '2022-11-30 17:42:18', '0', 202201);
INSERT INTO `note` VALUES (506, 229350701, '测试按钮', '2022-11-30 17:45:10', '0', 202201);
INSERT INTO `note` VALUES (507, 229350701, '你还好吗', '2022-11-30 17:46:09', '1', 202206);
INSERT INTO `note` VALUES (508, 229350701, 'cececececece', '2022-11-30 17:57:49', '0', 202201);
INSERT INTO `note` VALUES (509, 229350701, 'sfkjdsfdshfdsfsd', '2022-11-30 17:58:10', '0', 202206);
INSERT INTO `note` VALUES (512, 229350701, '多学点网页吧', '2022-11-30 18:06:59', '0', 202204);
INSERT INTO `note` VALUES (513, 229350701, '试试就试试', '2022-11-30 19:12:41', '0', 202206);
INSERT INTO `note` VALUES (514, 229350701, '测试测试测试', '2022-12-01 18:04:47', '0', 202203);
INSERT INTO `note` VALUES (515, 229350701, '测试测试测试', '2022-12-01 18:04:59', '0', 202203);
INSERT INTO `note` VALUES (516, 229350701, '测试测试测试啊啊啊啊', '2022-12-01 18:07:00', '0', 202203);
INSERT INTO `note` VALUES (517, 229350701, 'aadsdsadffasfde', '2022-12-01 18:08:23', '0', 202201);
INSERT INTO `note` VALUES (518, 229350701, 'aadsdsadffasfde', '2022-12-01 18:08:32', '0', 202201);
INSERT INTO `note` VALUES (519, 229350710, '正在测试管理员添加笔记模块', '2022-12-02 20:08:52', '0', 202202);

-- ----------------------------
-- Table structure for student
-- ----------------------------
DROP TABLE IF EXISTS `student`;
CREATE TABLE `student`  (
  `student_id` int(11) NOT NULL COMMENT '学生ID',
  `student_name` varchar(255) CHARACTER SET utf8 COLLATE utf8_general_ci NOT NULL COMMENT '学生姓名',
  `student_pwd` varchar(255) CHARACTER SET utf8 COLLATE utf8_general_ci NOT NULL COMMENT '学生密码',
  PRIMARY KEY (`student_id`) USING BTREE
) ENGINE = InnoDB CHARACTER SET = utf8 COLLATE = utf8_general_ci ROW_FORMAT = Dynamic;

-- ----------------------------
-- Records of student
-- ----------------------------
INSERT INTO `student` VALUES (229350701, '测试学生1', 'ceshixuesheng');
INSERT INTO `student` VALUES (229350702, '翟文敏', '363361');
INSERT INTO `student` VALUES (229350703, '虞凌旋', '690275');
INSERT INTO `student` VALUES (229350704, '裴和裕', '945414');
INSERT INTO `student` VALUES (229350705, '汲柔', '152988');
INSERT INTO `student` VALUES (229350706, '有奇逸', '414550');
INSERT INTO `student` VALUES (229350707, '景俞', '143755');
INSERT INTO `student` VALUES (229350708, '鲍芸', '124549');
INSERT INTO `student` VALUES (229350709, '巴惜寒', '909246');
INSERT INTO `student` VALUES (229350710, '蒲娇', '230894');
INSERT INTO `student` VALUES (229350711, '微生和煦', '501734');
INSERT INTO `student` VALUES (229350712, '明映之', '359025');
INSERT INTO `student` VALUES (229350713, '向玉堂', '323079');
INSERT INTO `student` VALUES (229350714, '糜依萱', '348439');
INSERT INTO `student` VALUES (229350715, '胥从丹', '854384');
INSERT INTO `student` VALUES (229350716, '窦翔', '636709');
INSERT INTO `student` VALUES (229350717, '陶高峻', '480587');
INSERT INTO `student` VALUES (229350718, '闻新巧', '921237');
INSERT INTO `student` VALUES (229350719, '溥晓', '573913');
INSERT INTO `student` VALUES (229350720, '宋安雁', '231079');
INSERT INTO `student` VALUES (229350721, '舄丹秋', '967636');
INSERT INTO `student` VALUES (229350722, '席含双', '983145');
INSERT INTO `student` VALUES (229350723, '宣绮山', '208140');
INSERT INTO `student` VALUES (229350724, '施静丹', '760803');
INSERT INTO `student` VALUES (229350725, '南门涵育', '921952');
INSERT INTO `student` VALUES (229350726, '瞿志业', '728978');
INSERT INTO `student` VALUES (229350727, '香华翰', '813388');
INSERT INTO `student` VALUES (229350728, '商小蕊', '492195');
INSERT INTO `student` VALUES (229350729, '刁文星', '369380');
INSERT INTO `student` VALUES (229350730, '公叔代秋', '978534');
INSERT INTO `student` VALUES (229350731, '江雅彤', '545101');
INSERT INTO `student` VALUES (229350732, '钟温瑜', '814555');
INSERT INTO `student` VALUES (229350733, '任元柳', '704972');
INSERT INTO `student` VALUES (229350734, '茅笑容', '630411');
INSERT INTO `student` VALUES (229350735, '伯学名', '630468');
INSERT INTO `student` VALUES (229350736, '亢盼', '368382');
INSERT INTO `student` VALUES (229350737, '贝静芙', '763302');
INSERT INTO `student` VALUES (229350738, '姚峻熙', '447633');
INSERT INTO `student` VALUES (229350739, '聂景辉', '126752');
INSERT INTO `student` VALUES (229350740, '伊春儿', '113971');
INSERT INTO `student` VALUES (229350741, '鄢尔竹', '938369');
INSERT INTO `student` VALUES (229350742, '扈安双', '908345');
INSERT INTO `student` VALUES (229350743, '丛岸驰', '459176');
INSERT INTO `student` VALUES (229350744, '蔺安福', '962643');
INSERT INTO `student` VALUES (229350745, '权英卓', '506095');
INSERT INTO `student` VALUES (229350746, '曹以寒', '619148');
INSERT INTO `student` VALUES (229350747, '陶卿', '666893');
INSERT INTO `student` VALUES (229350748, '佴香之', '232429');
INSERT INTO `student` VALUES (229350749, '强嘉木', '371739');
INSERT INTO `student` VALUES (229350750, '广绮梅', '970022');

SET FOREIGN_KEY_CHECKS = 1;
